Data;Provincia;Nuovi Positivi (0-18 anni);Nuovi Positivi Totali;Rapporto Nuovi Positivi 0-18 su Nuovi Positivi Totali;Popolazione (0-18 anni);Tasso Nuovi Positivi su 100.000 (0-18 anni);Tamponi Effettuati (0-18 anni);% Nuovi Positivi su Popolazione (0-18 anni);% Nuovi Positivi su Tamponi (0-18 anni)
06/09/2021 - 12/09/2021;Arezzo;44;171;25,73%;52.240;84,23;1.583;0,08%;2,80%
06/09/2021 - 12/09/2021;Firenze;173;777;22,27%;156.593;110,48;4.806;0,11%;3,60%
06/09/2021 - 12/09/2021;Grosseto;31;161;19,25%;31.106;99,66;925;0,10%;3,40%
06/09/2021 - 12/09/2021;Livorno;25;169;14,79%;48.911;51,11;1.197;0,05%;2,10%
06/09/2021 - 12/09/2022;Lucca;55;211;26,07%;57.349;95,9;1.738;0,10%;3,20%
06/09/2021 - 12/09/2023;Massa Carrara;34;115;29,57%;26.637;127,64;590;0,13%;5,80%
06/09/2021 - 12/09/2024;Pisa;47;262;17,94%;66.994;70,16;1.853;0,07%;2,50%
06/09/2021 - 12/09/2025;Prato;47;366;12,84%;44.793;104,93;1.411;0,10%;3,30%
06/09/2021 - 12/09/2026;Pistoia;66;308;21,43%;45.599;144,74;1.302;0,14%;5,10%
06/09/2021 - 12/09/2027;Siena;59;262;22,52%;40.917;144,19;1.527;0,14%;3,90%
06/09/2021 - 12/09/2027;Totale;581;2.802;20,74%;571.139;101,73;16.932;0,10%;3,40%
;;;;;;;;;
13/09/2021 - 19/09/2021;Arezzo;28;153;18,30%;52.240;53,6;1.359;0,05%;2,10%
13/09/2021 - 19/09/2021;Firenze;210;811;25,89%;156.593;134,11;4.737;0,13%;4,40%
13/09/2021 - 19/09/2021;Grosseto;27;106;25,47%;31.106;86,8;769;0,09%;3,50%
13/09/2021 - 19/09/2021;Livorno;54;206;26,21%;48.911;110,4;1.210;0,11%;4,50%
13/09/2021 - 19/09/2021;Lucca;43;185;23,24%;57.349;78,98;1.561;0,07%;2,80%
13/09/2021 - 19/09/2021;Massa Carrara;13;70;18,57%;26.637;48,8;429;0,05%;3,00%
13/09/2021 - 19/09/2021;Pisa;50;169;29,59%;66.994;74,63;1.697;0,07%;2,90%
13/09/2021 - 19/09/2021;Prato;75;340;22,06%;44.793;167,44;1.289;0,17%;5,80%
13/09/2021 - 19/09/2021;Pistoia;58;273;21,25%;45.599;127,2;1.262;0,13%;4,60%
13/09/2021 - 19/09/2021;Siena;57;219;26,03%;40.917;139,31;1.448;0,14%;3,90%
13/09/2021 - 19/09/2021;Totale;615;2.532;24,29%;571.139;107,68;15.761;0,11%;3,90%
;;;;;;;;;
20/09/2021 - 26/09/2021;Arezzo;29;127;22,83%;52.240;55,51;1.553;0,06%;1,90%
20/09/2021 - 26/09/2021;Firenze;165;651;25,35%;156.593;105,37;6.087;0,11%;2,70%
20/09/2021 - 26/09/2021;Grosseto;21;88;23,86%;31.106;67,51;884;0,07%;2,40%
20/09/2021 - 26/09/2021;Livorno;28;136;20,59%;48.911;57,25;1.364;0,06%;2,10%
20/09/2021 - 26/09/2021;Lucca;31;133;23,31%;57.349;54,05;1.947;0,05%;1,60%
20/09/2021 - 26/09/2021;Massa Carrara;6;50;12,00%;26.637;22,53;556;0,02%;1,10%
20/09/2021 - 26/09/2021;Pisa;37;152;24,34%;66.994;55,23;1.907;0,06%;1,90%
20/09/2021 - 26/09/2021;Prato;45;241;18,67%;44.793;100,46;1.517;0,10%;3,00%
20/09/2021 - 26/09/2021;Pistoia;58;239;24,27%;45.599;127,2;1.718;0,13%;3,40%
20/09/2021 - 26/09/2021;Siena;33;145;22,76%;40.917;80,65;1.751;0,08%;1,90%
20/09/2021 - 26/09/2021;Totale;453;1.962;23,09%;571.139;79,32;19.284;0,08%;2,30%
;;;;;;;;;
27/09/2021 - 03/10/2021;Arezzo;16;95;16,84%;52.240;30,63;2.417;0,03%;0,70%
27/09/2021 - 03/10/2021;Firenze;130;512;25,39%;156.593;83,02;8.173;0,08%;1,60%
27/09/2021 - 03/10/2021;Grosseto;20;84;23,81%;31.106;64,3;1.470;0,06%;1,40%
27/09/2021 - 03/10/2021;Livorno;19;99;19,19%;48.911;38,85;1.880;0,04%;1,00%
27/09/2021 - 03/10/2021;Lucca;26;122;21,31%;57.349;45,34;2.432;0,05%;1,10%
27/09/2021 - 03/10/2021;Massa Carrara;26;87;29,89%;26.637;97,61;655;0,10%;4,00%
27/09/2021 - 03/10/2021;Pisa;28;132;21,21%;66.994;41,79;3.052;0,04%;0,90%
27/09/2021 - 03/10/2021;Prato;22;188;11,70%;44.793;49,11;2.010;0,05%;1,10%
27/09/2021 - 03/10/2021;Pistoia;55;193;28,50%;45.599;120,62;2.610;0,12%;2,10%
27/09/2021 - 03/10/2021;Siena;66;205;32,20%;40.917;161,3;3.330;0,16%;2,00%
27/09/2021 - 03/10/2021;Totale;408;1.717;23,76%;571.139;71,44;28.029;0,07%;1,50%
;;;;;;;;;
04/10/2021 - 10/10/2021;Arezzo;14;85;16,47%;52.240;26,8;2.195;0,03%;0,60%
04/10/2021 - 10/10/2021;Firenze;111;461;24,08%;156.593;70,88;8.362;0,07%;1,30%
04/10/2021 - 10/10/2021;Grosseto;9;48;18,75%;31.106;28,93;1.470;0,03%;0,60%
04/10/2021 - 10/10/2021;Livorno;33;139;23,74%;48.911;67,47;1.966;0,07%;1,70%
04/10/2021 - 10/10/2021;Lucca;21;111;18,92%;57.349;36,62;2.626;0,04%;0,80%
04/10/2021 - 10/10/2021;Massa Carrara;6;48;12,50%;26.637;22,53;765;0,02%;0,80%
04/10/2021 - 10/10/2021;Pisa;24;122;19,67%;66.994;35,82;3.145;0,04%;0,80%
04/10/2021 - 10/10/2021;Prato;23;117;19,66%;44.793;51,35;1.896;0,05%;1,20%
04/10/2021 - 10/10/2021;Pistoia;38;176;21,59%;45.599;83,34;2.504;0,08%;1,50%
04/10/2021 - 10/10/2021;Siena;44;147;29,93%;40.917;107,53;3.016;0,11%;1,50%
04/10/2021 - 10/10/2021;Totale;323;1.454;22,21%;571.139;56,55;27.945;0,06%;1,20%
;;;;;;;;;
11/10/2021 - 17/10/2021;Arezzo;24;79;30,38%;52.240;45,94;2.152;0,05%;1,10%
11/10/2021 - 17/10/2021;Firenze;133;466;28,54%;156.593;84,93;8.603;0,08%;1,50%
11/10/2021 - 17/10/2021;Grosseto;11;65;16,92%;31.106;35,36;1.464;0,04%;0,80%
11/10/2021 - 17/10/2021;Livorno;10;78;12,82%;48.911;20,45;2.316;0,02%;0,40%
11/10/2021 - 17/10/2021;Lucca;25;110;22,73%;57.349;43,59;2.602;0,04%;1,00%
11/10/2021 - 17/10/2021;Massa Carrara;4;49;8,16%;26.637;15,02;801;0,02%;0,50%
11/10/2021 - 17/10/2021;Pisa;33;142;23,24%;66.994;49,26;3.122;0,05%;1,10%
11/10/2021 - 17/10/2021;Prato;21;95;22,11%;44.793;46,88;2.019;0,05%;1,00%
11/10/2021 - 17/10/2021;Pistoia;39;209;18,66%;45.599;85,53;2.535;0,09%;1,50%
11/10/2021 - 17/10/2021;Siena;33;122;27,05%;40.917;80,65;2.991;0,08%;1,10%
11/10/2021 - 17/10/2021;Totale;333;1.415;23,53%;571.139;58,3;28.605;0,06%;1,20%
;;;;;;;;;
18/10/2021 - 24/10/2021;Arezzo;18;67;26,87%;52.240;34,46;2.446;0,03%;0,70%
18/10/2021 - 24/10/2021;Firenze;107;450;23,78%;156.593;68,33;8.616;0,07%;1,20%
18/10/2021 - 24/10/2021;Grosseto;16;90;17,78%;31.106;51,44;1.429;0,05%;1,10%
18/10/2021 - 24/10/2021;Livorno;16;105;15,24%;48.911;32,71;2.221;0,03%;0,70%
18/10/2021 - 24/10/2021;Lucca;20;152;13,16%;57.349;34,87;2.683;0,03%;0,70%
18/10/2021 - 24/10/2021;Massa Carrara;27;100;27,00%;26.637;101,36;1.032;0,10%;2,60%
18/10/2021 - 24/10/2021;Pisa;48;232;20,69%;66.994;71,65;3.438;0,07%;1,40%
18/10/2021 - 24/10/2021;Prato;21;106;19,81%;44.793;46,88;1.900;0,05%;1,10%
18/10/2021 - 24/10/2021;Pistoia;22;205;10,73%;45.599;48,25;2.599;0,05%;0,80%
18/10/2021 - 24/10/2021;Siena;37;131;28,24%;40.917;90,43;2.988;0,09%;1,20%
18/10/2021 - 24/10/2021;Totale;332;1.638;20,27%;571.139;58,13;29.352;0,06%;1,10%
;;;;;;;;;
25/10/2021 - 31/10/2021;Arezzo;51;172;29,65%;52.240;97,63;2.512;0,10%;2,00%
25/10/2021 - 31/10/2021;Firenze;134;532;25,19%;156.593;85,57;8.869;0,09%;1,50%
25/10/2021 - 31/10/2021;Grosseto;38;128;29,69%;31.106;122,16;1.850;0,12%;2,10%
25/10/2021 - 31/10/2021;Livorno;41;167;24,55%;48.911;83,83;2.470;0,08%;1,70%
25/10/2021 - 31/10/2021;Lucca;43;209;20,57%;57.349;74,98;2.742;0,07%;1,60%
25/10/2021 - 31/10/2021;Massa Carrara;42;111;37,84%;26.637;157,68;1.337;0,16%;3,10%
25/10/2021 - 31/10/2021;Pisa;71;251;28,29%;66.994;105,98;3.663;0,11%;1,90%
25/10/2021 - 31/10/2021;Prato;22;102;21,57%;44.793;49,11;2.121;0,05%;1,00%
25/10/2021 - 31/10/2021;Pistoia;31;201;15,42%;45.599;67,98;2.787;0,07%;1,10%
25/10/2021 - 31/10/2021;Siena;78;253;30,83%;40.917;190,63;3.102;0,19%;2,50%
25/10/2021 - 31/10/2021;Totale;551;2.126;25,92%;571.139;96,47;31.453;0,10%;1,80%
;;;;;;;;;
01/11/2021 - 07/11/2021;Arezzo;49;169;28,99%;52.240;93,8;2.778;0,09%;1,80%
01/11/2021 - 07/11/2021;Firenze;111;473;23,47%;156.593;70,88;8.172;0,07%;1,40%
01/11/2021 - 07/11/2021;Grosseto;52;207;25,12%;31.106;167,17;1.726;0,17%;3,00%
01/11/2021 - 07/11/2021;Livorno;46;169;27,22%;48.911;94,05;2.234;0,09%;2,10%
01/11/2021 - 07/11/2021;Lucca;41;228;17,98%;57.349;71,49;2.838;0,07%;1,40%
01/11/2021 - 07/11/2021;Massa Carrara;33;124;26,61%;26.637;123,89;1.251;0,12%;2,60%
01/11/2021 - 07/11/2021;Pisa;84;266;31,58%;66.994;125,38;3.590;0,13%;2,30%
01/11/2021 - 07/11/2021;Prato;47;199;23,62%;44.793;104,93;1.903;0,10%;2,50%
01/11/2021 - 07/11/2021;Pistoia;45;191;23,56%;45.599;98,69;2.392;0,10%;1,90%
01/11/2021 - 07/11/2021;Siena;75;256;29,30%;40.917;183,3;3.096;0,18%;2,40%
01/11/2021 - 07/11/2021;Totale;583;2.282;25,55%;571.139;102,08;29.980;0,10%;1,90%
;;;;;;;;;
08/11/2021 - 14/11/2021;Arezzo;51;238;21,43%;52.240;97,63;2.982;0,10%;1,70%
08/11/2021 - 14/11/2021;Firenze;217;720;30,14%;156.593;138,58;9.873;0,14%;2,20%
08/11/2021 - 14/11/2021;Grosseto;61;227;26,87%;31.106;196,1;2.100;0,20%;2,90%
08/11/2021 - 14/11/2021;Livorno;38;149;25,50%;48.911;77,69;2.559;0,08%;1,50%
08/11/2021 - 14/11/2021;Lucca;67;281;23,84%;57.349;116,83;3.250;0,12%;2,10%
08/11/2021 - 14/11/2021;Massa Carrara;25;143;17,48%;26.637;93,85;1.355;0,09%;1,80%
08/11/2021 - 14/11/2021;Pisa;87;339;25,66%;66.994;129,86;4.357;0,13%;2,00%
08/11/2021 - 14/11/2021;Prato;44;159;27,67%;44.793;98,23;2.186;0,10%;2,00%
08/11/2021 - 14/11/2021;Pistoia;57;197;28,93%;45.599;125;3.034;0,13%;1,90%
08/11/2021 - 14/11/2021;Siena;69;265;26,04%;40.917;168,63;3.707;0,17%;1,90%
08/11/2021 - 14/11/2021;Totale;716;2.718;26,34%;571.139;125,36;35.403;0,13%;2,00%
;;;;;;;;;
15/11/2021 - 21/11/2021;Arezzo;36;142;25,35%;52.240;68,91;2.781;0,07%;1,30%
15/11/2021 - 21/11/2021;Firenze;141;646;21,83%;156.593;90,04;11.490;0,09%;1,20%
15/11/2021 - 21/11/2021;Grosseto;96;322;29,81%;31.106;308,62;2.386;0,31%;4,00%
15/11/2021 - 21/11/2021;Livorno;85;263;32,32%;48.911;173,79;3.055;0,17%;2,80%
15/11/2021 - 21/11/2021;Lucca;65;227;28,63%;57.349;113,34;3.593;0,11%;1,80%
15/11/2021 - 21/11/2021;Massa Carrara;28;156;17,95%;26.637;105,12;1.259;0,11%;2,20%
15/11/2021 - 21/11/2021;Pisa;70;317;22,08%;66.994;104,49;4.969;0,10%;1,40%
15/11/2021 - 21/11/2021;Prato;49;154;31,82%;44.793;109,39;2.478;0,11%;2,00%
15/11/2021 - 21/11/2021;Pistoia;58;210;27,62%;45.599;127,2;3.086;0,13%;1,90%
15/11/2021 - 21/11/2021;Siena;99;334;29,64%;40.917;241,95;3.992;0,24%;2,50%
15/11/2021 - 21/11/2021;Totale;727;2.771;26,24%;571.139;127,29;39.089;0,13%;1,90%
;;;;;;;;;
22/11/2021 - 28/11/2021;Arezzo;65;249;26,10%;52.240;124,43;3.038;0,12%;2,10%
22/11/2021 - 28/11/2021;Firenze;175;688;25,44%;156.593;111,75;10.197;0,11%;1,70%
22/11/2021 - 28/11/2021;Grosseto;88;319;27,59%;31.106;282,9;2.443;0,28%;3,60%
22/11/2021 - 28/11/2021;Livorno;76;310;24,52%;48.911;155,38;2.907;0,16%;2,60%
22/11/2021 - 28/11/2021;Lucca;53;257;20,62%;57.349;92,42;3.405;0,09%;1,60%
22/11/2021 - 28/11/2021;Massa Carrara;52;209;24,88%;26.637;195,22;1.208;0,20%;4,30%
22/11/2021 - 28/11/2021;Pisa;83;367;22,62%;66.994;123,89;4.038;0,12%;2,10%
22/11/2021 - 28/11/2021;Prato;57;157;36,31%;44.793;127,25;2.200;0,13%;2,60%
22/11/2021 - 28/11/2021;Pistoia;123;368;33,42%;45.599;269,74;3.221;0,27%;3,80%
22/11/2021 - 28/11/2021;Siena;84;315;26,67%;40.917;205,29;3.944;0,21%;2,10%
22/11/2021 - 28/11/2021;Totale;856;3.239;26,43%;571.139;149,88;36.601;0,15%;2,30%
;;;;;;;;;
29/11/2021 - 05/12/2021;Arezzo;134;412;32,52%;52.240;256,51;3.325;0,26%;4,00%
29/11/2021 - 05/12/2021;Firenze;244;944;25,85%;156.593;155,82;10.432;0,16%;2,30%
29/11/2021 - 05/12/2021;Grosseto;121;372;32,53%;31.106;388,99;2.969;0,39%;4,10%
29/11/2021 - 05/12/2021;Livorno;105;417;25,18%;48.911;214,68;3.356;0,21%;3,10%
29/11/2021 - 05/12/2021;Lucca;88;367;23,98%;57.349;153,45;3.420;0,15%;2,60%
29/11/2021 - 05/12/2021;Massa Carrara;91;300;30,33%;26.637;341,63;1.292;0,34%;7,00%
29/11/2021 - 05/12/2021;Pisa;71;356;19,94%;66.994;105,98;4.146;0,11%;1,70%
29/11/2021 - 05/12/2021;Prato;65;264;24,62%;44.793;145,11;2.343;0,15%;2,80%
29/11/2021 - 05/12/2021;Pistoia;112;407;27,52%;45.599;245,62;3.029;0,25%;3,70%
29/11/2021 - 05/12/2021;Siena;78;239;32,64%;40.917;190,63;3.230;0,19%;2,40%
29/11/2021 - 05/12/2021;Totale;1.109;4.078;27,19%;571.139;194,17;37.542;0,19%;3,00%
;;;;;;;;;
06/12/2021 - 12/12/2021;Arezzo;173;509;33,99%;52.240;331,16;3.745;0,33%;4,60%
06/12/2021 - 12/12/2021;Firenze;438;1349;32,47%;156.593;279,71;10.595;0,28%;4,10%
06/12/2021 - 12/12/2021;Grosseto;103;328;31,40%;31.106;331,13;2.389;0,33%;4,30%
06/12/2021 - 12/12/2021;Livorno;161;611;26,35%;48.911;329,17;3.513;0,33%;4,60%
06/12/2021 - 12/12/2021;Lucca;117;482;24,27%;57.349;204,01;3.193;0,20%;3,70%
06/12/2021 - 12/12/2021;Massa Carrara;82;297;27,61%;26.637;307,84;1.242;0,31%;6,60%
06/12/2021 - 12/12/2021;Pisa;126;488;25,82%;66.994;188,08;3.953;0,19%;3,20%
06/12/2021 - 12/12/2021;Prato;45;217;20,74%;44.793;100,46;2.038;0,10%;2,20%
06/12/2021 - 12/12/2021;Pistoia;162;541;29,94%;45.599;355,27;3.035;0,36%;5,30%
06/12/2021 - 12/12/2021;Siena;67;295;22,71%;40.917;163,75;3.167;0,16%;2,10%
06/12/2021 - 12/12/2021;Totale;1.474;5117;28,81%;571.139;258,08;36.870;0,26%;4,00%
;;;;;;;;;
13/12/2021 - 19/12/2021;Arezzo;242;749;32,31%;52.240;463,25;3.897;0,46%;6,20%
13/12/2021 - 19/12/2021;Firenze;578;1.949;29,66%;156.593;369,11;13.200;0,37%;4,40%
13/12/2021 - 19/12/2021;Grosseto;144;526;27,38%;31.106;462,93;2.862;0,46%;5,00%
13/12/2021 - 19/12/2021;Livorno;238;950;25,05%;48.911;486,6;4.269;0,49%;5,60%
13/12/2021 - 19/12/2021;Lucca;156;722;21,61%;57.349;272,02;3.604;0,27%;4,30%
13/12/2021 - 19/12/2021;Massa Carrara;50;361;13,85%;26.637;187,71;1.371;0,19%;3,60%
13/12/2021 - 19/12/2021;Pisa;173;760;22,76%;66.994;258,23;4.257;0,26%;4,10%
13/12/2021 - 19/12/2021;Prato;71;292;24,32%;44.793;158,51;2.403;0,16%;3,00%
13/12/2021 - 19/12/2021;Pistoia;181;757;23,91%;45.599;396,94;3.115;0,40%;5,80%
13/12/2021 - 19/12/2021;Siena;72;436;16,51%;40.917;175,97;3.669;0,18%;2,00%
13/12/2021 - 19/12/2021;Totale;1.905;7.502;25,39%;571.139;333,54;42.647;0,33%;4,50%
;;;;;;;;;
20/12/2021 - 26/12/2021;Arezzo;441;1.851;23,82%;52.240;844,18;4.584;0,84%;9,60%
20/12/2021 - 26/12/2021;Firenze;996;5.114;19,48%;156.593;636,04;13.581;0,64%;7,30%
20/12/2021 - 26/12/2021;Grosseto;158;777;20,33%;31.106;507,94;2.644;0,51%;6,00%
20/12/2021 - 26/12/2021;Livorno;258;1.245;20,72%;48.911;527,49;3.528;0,53%;7,30%
20/12/2021 - 26/12/2021;Lucca;288;1.683;17,11%;57.349;502,19;3.539;0,50%;8,10%
20/12/2021 - 26/12/2021;Massa Carrara;139;775;17,94%;26.637;521,83;1.124;0,52%;12,40%
20/12/2021 - 26/12/2021;Pisa;355;1.685;21,07%;66.994;529,9;4.010;0,53%;8,90%
20/12/2021 - 26/12/2021;Prato;188;1.084;17,34%;44.793;419,71;2.486;0,42%;7,60%
20/12/2021 - 26/12/2021;Pistoia;208;1.115;18,65%;45.599;456,15;3.236;0,46%;6,40%
20/12/2021 - 26/12/2021;Siena;282;1.610;17,52%;40.917;689,2;3.799;0,69%;7,40%
20/12/2021 - 26/12/2021;Totale;3.313;16.939;19,56%;571.139;580,07;42.531;0,58%;7,80%
;;;;;;;;;
27/12/2021 - 02/01/2022;Arezzo;1.097;6.455;16,99%;52.240;2.099,92;6.140;2,10%;17,90%
27/12/2021 - 02/01/2022;Firenze;4.069;23.593;17,25%;156.593;2.598,46;17.080;2,60%;23,80%
27/12/2021 - 02/01/2022;Grosseto;308;1.911;16,12%;31.106;990,16;2.789;0,99%;11,00%
27/12/2021 - 02/01/2022;Livorno;616;3.916;15,73%;48.911;1.259,43;4.038;1,26%;15,30%
27/12/2021 - 02/01/2022;Lucca;1.104;6.486;17,02%;57.349;1.925,06;5.030;1,93%;21,90%
27/12/2021 - 02/01/2022;Massa Carrara;458;2.805;16,33%;26.637;1.719,41;1.441;1,72%;31,80%
27/12/2021 - 02/01/2022;Pisa;1.464;7.862;18,62%;66.994;2.185,27;6.976;2,19%;21,00%
27/12/2021 - 02/01/2022;Prato;761;5.068;15,02%;44.793;1.698,93;3.212;1,70%;23,70%
27/12/2021 - 02/01/2022;Pistoia;753;4.834;15,58%;45.599;1.651,35;4.302;1,65%;17,50%
27/12/2021 - 02/01/2022;Siena;1.015;5.747;17,66%;40.917;2.480,63;5.507;2,48%;18,40%
27/12/2021 - 02/01/2022;Totale;11.645;68.677;16,96%;571.139;2.038,91;56.515;2,04%;20,60%
;;;;;;;;;
03/01/2022 - 09/01/2022;Arezzo;1.260;7.728;16,30%;52.240;2.411,94;5.421;2,41%;23,20%
03/01/2022 - 09/01/2022;Firenze;5.293;32.425;16,32%;156.593;3.380,10;20.696;3,38%;25,60%
03/01/2022 - 09/01/2022;Grosseto;650;3.830;16,97%;31.106;2.089,63;3.062;2,09%;21,20%
03/01/2022 - 09/01/2022;Livorno;1.184;6.720;17,62%;48.911;2.420,72;4.469;2,42%;26,50%
03/01/2022 - 09/01/2022;Lucca;1.472;9.110;16,16%;57.349;2.566,74;5.377;2,57%;27,40%
03/01/2022 - 09/01/2022;Massa Carrara;651;4.099;15,88%;26.637;2.443,97;2.180;2,44%;29,90%
03/01/2022 - 09/01/2022;Pisa;1.829;11.256;16,25%;66.994;2.730,10;7.292;2,73%;25,10%
03/01/2022 - 09/01/2022;Prato;1.084;6.959;15,58%;44.793;2.420,02;4.224;2,42%;25,70%
03/01/2022 - 09/01/2022;Pistoia;1.174;7.511;15,63%;45.599;2.574,62;4.798;2,57%;24,50%
03/01/2022 - 09/01/2022;Siena;101;6.338;17,37%;40.917;2.690,81;5.771;2,69%;19,10%
03/01/2022 - 09/01/2022;Totale;15.698;95.976;16,36%;571.139;2.748,54;63.290;2,75%;24,80%
;;;;;;;;;
10/01/2022 - 16/01/2022;Arezzo;1.444;7.143;20,22%;52.240;2.764,17;7.947;2,76%;18,20%
10/01/2022 - 16/01/2022;Firenze;5.318;26.130;20,35%;156.593;3.396,06;25.298;3,40%;21,00%
10/01/2022 - 16/01/2022;Grosseto;740;3.698;20,01%;31.106;2.378,96;3.743;2,38%;19,80%
10/01/2022 - 16/01/2022;Livorno;1.717;7.293;23,54%;48.911;3.510,46;6.836;3,51%;25,10%
10/01/2022 - 16/01/2022;Lucca;1.707;7.990;21,36%;57.349;2.976,51;7.443;2,98%;22,90%
10/01/2022 - 16/01/2022;Massa Carrara;719;3.706;19,40%;26.637;2.699,25;3.308;2,70%;21,70%
10/01/2022 - 16/01/2022;Pisa;2.142;9.697;22,09%;66.994;3.197,30;9.991;3,20%;21,40%
10/01/2022 - 16/01/2022;Prato;1.191;5.496;21,67%;44.793;2.658,90;5.201;2,66%;22,90%
10/01/2022 - 16/01/2022;Pistoia;1.331;6.557;20,30%;45.599;2.918,92;5.827;2,92%;22,80%
10/01/2022 - 16/01/2022;Siena;1.087;4.769;22,79%;40.917;2.656,60;6.805;2,66%;16,00%
10/01/2022 - 16/01/2022;Totale;17.396;82.479;21,09%;571.139;3.045,84;82.399;3,05%;21,10%
;;;;;;;;;
17/01/2022 - 23/01/2022;Arezzo;2.037;6.736;30,24%;52.240;3.889,31;7.980;3,90%;25,50%
17/01/2022 - 23/01/2022;Firenze;7.593;25.734;29,51%;156.593;4.848,88;29.469;4,85%;25,80%
17/01/2022 - 23/01/2022;Grosseto;1.310;4.308;30,41%;31.106;4.211,41;5.240;4,21%;25,00%
17/01/2022 - 23/01/2022;Livorno;2.410;8.534;28,24%;48.911;4.927,32;9.033;4,93%;26,70%
17/01/2022 - 23/01/2022;Lucca;2.071;7.688;26,94%;57.349;3.611,22;9.388;3,61%;22,10%
17/01/2022 - 23/01/2022;Massa Carrara;914;3.210;28,47%;26.637;3.431,32;3.990;3,43%;22,90%
17/01/2022 - 23/01/2022;Pisa;2.874;9.723;29,56%;66.994;4.289,94;12.147;4,29%;23,70%
17/01/2022 - 23/01/2022;Prato;1.637;5.581;29,33%;44.793;3.654,59;6.366;3,65%;25,70%
17/01/2022 - 23/01/2022;Pistoia;1.881;6.830;27,54%;45.599;4.125,09;7.472;4,13%;25,20%
17/01/2022 - 23/01/2022;Siena;1.330;4.508;29,50%;40.917;3.250,48;6.658;3,25%;20,00%
17/01/2022 - 23/01/2022;Totale;24.057;82.852;29,04%;571.139;4.212,11;97.743;4,21%;24,60%
;;;;;;;;;
24/01/2022 - 30/01/2022;Arezzo;2.015;6.269;32,14%;52.240;3.857,20;10.155;3,86%;19,80%
24/01/2022 - 30/01/2022;Firenze;6.533;20.697;31,56%;156.593;4.171,96;33.633;4,17%;19,40%
24/01/2022 - 30/01/2022;Grosseto;1.236;3.997;30,92%;31.106;3.973,51;6.299;3,97%;19,60%
24/01/2022 - 30/01/2022;Livorno;2.281;7.453;30,61%;48.911;4.663,57;10.773;4,66%;21,20%
24/01/2022 - 30/01/2022;Lucca;2.038;6.934;29,39%;57.349;3.553,68;10.442;3,55%;19,50%
24/01/2022 - 30/01/2022;Massa Carrara;773;2.683;28,81%;26.637;2.901,98;4.190;2,90%;18,40%
24/01/2022 - 30/01/2022;Pisa;2.469;7.944;31,08%;66.994;3.685,40;14.216;3,69%;17,40%
24/01/2022 - 30/01/2022;Prato;1.578;5.082;31,05%;44.793;3.522,87;7.827;3,52%;20,20%
24/01/2022 - 30/01/2022;Pistoia;1.673;5.881;28,45%;45.599;3.668,94;8.602;3,67%;19,40%
24/01/2022 - 30/01/2022;Siena;1.323;4.010;32,99%;40.917;3.233,37;7.360;3,23%;18,00%
24/01/2022 - 30/01/2022;Totale;21.919;70.950;30,89%;571.139;3.837,77;113.497;3,84%;19,30%
;;;;;;;;;
31/01/2022 - 06/02/2022;Arezzo;1.331;4.418;30,13%;52.240;2.547,86;8.302;2,55%;16,00%
31/01/2022 - 06/02/2022;Firenze;4.048;13.168;30,74%;156.593;2.585,05;27.624;2,59%;14,70%
31/01/2022 - 06/02/2022;Grosseto;945;3.266;28,93%;31.106;3.038,00;5.819;3,04%;16,20%
31/01/2022 - 06/02/2022;Livorno;1.514;5.216;29,03%;48.911;3.095,42;9.584;3,10%;15,80%
31/01/2022 - 06/02/2022;Lucca;1.548;5.258;29,44%;57.349;2.699,26;8.891;2,70%;17,40%
31/01/2022 - 06/02/2022;Massa Carrara;545;1.924;28,33%;26.637;2.046,03;3.506;2,05%;15,50%
31/01/2022 - 06/02/2022;Pisa;1.679;5.528;30,37%;66.994;2.506,19;11.603;2,51%;14,50%
31/01/2022 - 06/02/2022;Prato;1.059;3.399;31,16%;44.793;2.364,21;6.246;2,36%;17,00%
31/01/2022 - 06/02/2022;Pistoia;1.142;3.739;30,54%;45.599;2.504,44;7.729;2,50%;14,80%
31/01/2022 - 06/02/2022;Siena;1.066;3.103;34,35%;40.917;2.605,27;6.106;2,61%;17,50%
31/01/2022 - 06/02/2022;Totale;14.877;49.019;30,35%;571.139;2.604,79;95.410;2,60%;15,60%
;;;;;;;;;
07/02/2022 - 13/02/2022;Arezzo;900;2.951;30,50%;52.240;1.722,82;4.949;1,72%;18,20%
07/02/2022 - 13/02/2022;Firenze;2.240;7.724;29,00%;156.593;1.430,46;16.241;1,43%;13,80%
07/02/2022 - 13/02/2022;Grosseto;612;2.070;29,57%;31.106;1.967,47;3.952;1,97%;15,50%
07/02/2022 - 13/02/2022;Livorno;991;3.283;30,19%;48.911;2.026,13;6.738;2,03%;14,70%
07/02/2022 - 13/02/2022;Lucca;1.008;3.473;29,02%;57.349;1.757,66;6.262;1,76%;16,10%
07/02/2022 - 13/02/2022;Massa Carrara;387;1.376;28,13%;26.637;1.452,87;2.378;1,45%;16,30%
07/02/2022 - 13/02/2022;Pisa;1.040;3.385;30,72%;66.994;1.552,38;7.813;1,55%;13,30%
07/02/2022 - 13/02/2022;Prato;601;2.079;28,91%;44.793;1.341,73;4.167;1,34%;14,40%
07/02/2022 - 13/02/2022;Pistoia;748;2.492;30,02%;45.599;1.640,39;5.115;1,64%;14,60%
07/02/2022 - 13/02/2022;Siena;667;1.996;33,42%;40.917;1.630,13;4.716;1,63%;14,10%
07/02/2022 - 13/02/2022;Totale;9.194;30.829;29,82%;571.139;1.609,77;62.331;1,61%;14,80%
;;;;;;;;;
14/02/2022 - 20/02/2022;Arezzo;717;2.284;31,39%;52.240;1.372,51;3.377;1,37%;21,20%
14/02/2022 - 20/02/2022;Firenze;1.365;5.145;26,53%;156.593;871,69;9.187;0,87%;14,90%
14/02/2022 - 20/02/2022;Grosseto;440;1.653;26,62%;31.106;1.414,52;2.363;1,41%;18,60%
14/02/2022 - 20/02/2022;Livorno;707;2.354;30,03%;48.911;1.445,48;4.207;1,45%;16,80%
14/02/2022 - 20/02/2022;Lucca;773;2.830;27,31%;57.349;1.347,89;4.028;1,35%;19,20%
14/02/2022 - 20/02/2022;Massa Carrara;280;1.049;26,69%;26.637;1.051,17;1.468;1,05%;19,10%
14/02/2022 - 20/02/2022;Pisa;621;2.288;27,14%;66.994;926,95;4.571;0,93%;13,60%
14/02/2022 - 20/02/2022;Prato;328;1.218;26,93%;44.793;732,26;2.295;0,73%;14,30%
14/02/2022 - 20/02/2022;Pistoia;424;1.452;29,20%;45.599;929,84;3.062;0,93%;13,80%
14/02/2022 - 20/02/2022;Siena;604;1.681;35,93%;40.917;1.476,16;3.270;1,48%;18,50%
14/02/2022 - 20/02/2022;Totale;6.259;21.954;28,51%;571.139;1.095,88;37.828;1,10%;16,50%