Settimana;Regione;Totale Medici;Totale Casi;Totale Assistiti;Totale Incidenza;Casi (0-4 anni);Inc (0-4 anni);Casi (5-14 anni);Inc (5-14 anni);Casi (15-64 anni);Inc (15-64 anni);Casi (65 anni e oltre);Inc (65 anni e oltre)
2021-44;Piemonte;51;396;72.328;5,48;115;28,45;76;8,45;169;4,04;36;2,06
2021-44;Val D'Aosta;nd;nd;nd;nd;nd;nd;nd;nd;nd;nd;nd;nd
2021-44;Lombardia;175;1.287;236.448;5,44;396;22,56;181;4,6;595;4,63;115;2,26
2021-44;P.A. di Bolzano;nd;nd;nd;nd;nd;nd;nd;nd;nd;nd;nd;nd
2021-44;P. A. di Trento;nd;nd;nd;nd;nd;nd;nd;nd;nd;nd;nd;nd
2021-44;Veneto;18;22;24.813;0,89;5;3,52;-;-;15;1,1;2;0,33
2021-44;Friuli V.G.;nd;nd;nd;nd;nd;nd;nd;nd;nd;nd;nd;nd
2021-44;Liguria;10;8;12.624;0,63;-;-;-;-;7;0,91;1;0,26
2021-44;Emilia Romagna;44;208;53.748;3,87;68;25,14;22;3,34;105;3,32;13;1,01
2021-44;Toscana;27;110;44.188;2,49;29;14,02;19;3,44;52;2,24;10;0,75
2021-44;Umbria;nd;nd;nd;nd;nd;nd;nd;nd;nd;nd;nd;nd
2021-44;Marche;7;26;8.487;3,06;-;-;2;2,34;23;4,27;1;0,5
2021-44;Lazio;184;757;241.530;3,13;114;12,08;79;3,2;464;3,08;100;1,76
2021-44;Abruzzo;35;112;38.525;2,91;23;6,56;25;3,3;53;2,66;11;1,47
2021-44;Molise;10;8;7.461;1,07;-;-;1;2,02;5;1,08;2;0,95
2021-44;Campania;nd;nd;nd;nd;nd;nd;nd;nd;nd;nd;nd;nd
2021-44;Puglia;88;260;110.177;2,36;63;10,09;52;3,86;109;1,69;36;1,39
2021-44;Basilicata;nd;nd;nd;nd;nd;nd;nd;nd;nd;nd;nd;nd
2021-44;Calabria;nd;nd;nd;nd;nd;nd;nd;nd;nd;nd;nd;nd
2021-44;Sicilia;108;263;129.877;2,02;42;8,8;32;2,37;140;1,75;49;1,56
2021-44;Sardegna;nd;nd;nd;nd;nd;nd;nd;nd;nd;nd;nd;nd
2021-45;Piemonte;47;405;64.404;6,29;123;29,03;76;8,13;176;4,91;30;2
2021-45;Val D'Aosta;nd;nd;nd;nd;nd;nd;nd;nd;nd;nd;nd;nd
2021-45;Lombardia;211;1.679;280.281;5,99;461;25,1;200;4,78;855;5,44;163;2,59
2021-45;P.A. di Bolzano;4;12;6.118;1,96;4;11,87;-;-;8;2,18;-;-
2021-45;P. A. di Trento;4;13;5.762;2,26;4;10,93;1;1,09;8;2,56;-;-
2021-45;Veneto;29;40;40.753;0,98;7;2,58;-;-;28;1,25;5;0,52
2021-45;Friuli V.G.;nd;nd;nd;nd;nd;nd;nd;nd;nd;nd;nd;nd
2021-45;Liguria;14;48;17.848;2,69;5;7,52;13;8,25;28;2,7;2;0,38
2021-45;Emilia Romagna;47;287;56.241;5,1;81;27,5;38;5,32;145;4,43;23;1,72
2021-45;Toscana;34;164;55.231;2,97;44;16,34;26;3,63;77;2,66;17;1,03
2021-45;Umbria;nd;nd;nd;nd;nd;nd;nd;nd;nd;nd;nd;nd
2021-45;Marche;14;58;16.231;3,57;12;8,69;18;5,51;16;1,94;12;3,58
2021-45;Lazio;185;862;243.487;3,54;149;15,74;102;4,12;491;3,24;120;2,08
2021-45;Abruzzo;35;175;41.735;4,19;45;15,37;42;6,43;68;2,86;20;2,36
2021-45;Molise;11;16;9.295;1,72;-;-;1;1,83;8;1,32;7;2,89
2021-45;Campania;nd;nd;nd;nd;nd;nd;nd;nd;nd;nd;nd;nd
2021-45;Puglia;104;425;133.169;3,19;60;8,76;51;3,37;254;3,19;60;1,9
2021-45;Basilicata;nd;nd;nd;nd;nd;nd;nd;nd;nd;nd;nd;nd
2021-45;Calabria;nd;nd;nd;nd;nd;nd;nd;nd;nd;nd;nd;nd
2021-45;Sicilia;91;369;111.025;3,32;71;18,15;60;5,87;161;2,33;77;2,77
2021-45;Sardegna;nd;nd;nd;nd;nd;nd;nd;nd;nd;nd;nd;nd
2021-46;Piemonte;46;375;64.330;5,83;111;29,60;65;8,24;163;4,43;36;2,26
2021-46;Val D'Aosta;nd;nd;nd;nd;nd;nd;nd;nd;nd;nd;nd;nd
2021-46;Lombardia;204;1.866;272.074;6,86;456;25,80;249;6,20;999;6,54;162;2,63
2021-46;P.A. di Bolzano;6;14;8.842;1,58;4;5,93;3;1,83;7;1,45;-;-
2021-46;P. A. di Trento;6;27;8.945;3,02;17;46,45;3;3,12;7;1,31;-;-
2021-46;Veneto;37;162;52.938;3,06;53;13,16;37;3,89;58;2,07;14;1,23
2021-46;Friuli V.G.;nd;nd;nd;nd;nd;nd;nd;nd;nd;nd;nd;nd
2021-46;Liguria;15;99;18.597;5,32;22;26,38;22;10,17;45;4,37;10;1,88
2021-46;Emilia Romagna;43;328;52.495;6,25;97;37,25;35;5,12;164;5,36;32;2,57
2021-46;Toscana;35;172;58.821;2,92;41;17,16;24;3,83;89;2,77;18;1,00
2021-46;Umbria;8;20;8.684;2,30;6;9,24;6;3,53;5;1,02;3;2,10
2021-46;Marche;9;71;10.944;6,49;32;25,12;13;5,11;25;4,87;1;0,50
2021-46;Lazio;183;969;240.528;4,03;195;20,09;138;5,48;536;3,60;100;1,76
2021-46;Abruzzo;33;206;37.740;5,46;74;20,98;53;6,88;57;2,97;22;3,00
2021-46;Molise;11;9;11.467;0,78;-;-;-;-;9;1,19;-;-
2021-46;Campania;nd;nd;nd;nd;nd;nd;nd;nd;nd;nd;nd;nd
2021-46;Puglia;79;378;101.814;3,71;86;17,53;49;4,23;190;3,09;53;2,22
2021-46;Basilicata;nd;nd;nd;nd;nd;nd;nd;nd;nd;nd;nd;nd
2021-46;Calabria;nd;nd;nd;nd;nd;nd;nd;nd;nd;nd;nd;nd
2021-46;Sicilia;121;508;144.931;3,51;77;14,69;87;5,99;197;2,19;147;4,16
2021-46;Sardegna;nd;nd;nd;nd;nd;nd;nd;nd;nd;nd;nd;nd
2021-47;Piemonte;53;495;75.136;6,59;146;32,65;87;9;227;5,35;35;1,89
2021-47;Val D'Aosta;nd;nd;nd;nd;nd;nd;nd;nd;nd;nd;nd;nd
2021-47;Lombardia;168;1.462;225.577;6,48;390;24,92;216;5,96;727;5,86;129;2,59
2021-47;P.A. di Bolzano;5;18;7.659;2,35;5;14,84;4;4,68;8;1,68;1;0,58
2021-47;P. A. di Trento;5;16;7.321;2,19;2;6,04;4;4,45;9;2,09;1;0,56
2021-47;Veneto;47;162;67.957;2,38;37;9,24;13;1,36;100;2,53;12;0,81
2021-47;Friuli V.G.;8;30;10.524;2,85;14;15,42;3;1,19;11;2,3;2;0,87
2021-47;Liguria;18;89;22.962;3,88;26;31,18;17;7,6;36;2,74;10;1,48
2021-47;Emilia Romagna;46;339;56.857;5,96;84;31,15;46;6,76;177;5,27;32;2,32
2021-47;Toscana;28;161;45.872;3,51;57;21,17;32;4,57;58;2,53;14;1,06
2021-47;Umbria;12;65;12.132;5,36;27;17,85;23;6,74;12;2,34;3;1,45
2021-47;Marche;13;83;15.823;5,25;26;25,79;21;6,99;36;4,27;-;-
2021-47;Lazio;183;1.018;242.501;4,2;177;18,24;123;4,86;583;3,87;135;2,38
2021-47;Abruzzo;32;186;36.818;5,05;59;26,66;42;8,03;64;3,04;21;2,52
2021-47;Molise;11;22;11.467;1,92;-;-;3;5,15;16;2,11;3;0,99
2021-47;Campania;nd;nd;nd;nd;nd;nd;nd;nd;nd;nd;nd;nd
2021-47;Puglia;61;312;75.408;4,14;82;16,63;65;6,14;143;3,33;22;1,3
2021-47;Basilicata;10;-;13.260;-;-;-;-;-;-;-;-;-
2021-47;Calabria;nd;nd;nd;nd;nd;nd;nd;nd;nd;nd;nd;nd
2021-47;Sicilia;108;669;134.057;4,99;104;21,57;102;7,79;312;3,72;151;4,69
2021-47;Sardegna;nd;nd;nd;nd;nd;nd;nd;nd;nd;nd;nd;nd
2021-48;Piemonte;40;347;58.253;5,96;89;24,15;66;8,41;153;4,69;39;2,77
2021-48;Val D'Aosta;nd;nd;nd;nd;nd;nd;nd;nd;nd;nd;nd;nd
2021-48;Lombardia;132;1.128;182.139;6,19;216;21,17;126;5,31;674;6,34;112;2,67
2021-48;P.A. di Bolzano;5;24;7.659;3,13;5;14,84;5;5,85;13;2,73;1;0,58
2021-48;P. A. di Trento;4;20;5.805;3,45;3;9,06;4;4,58;11;3,28;2;1,6
2021-48;Veneto;34;102;46.131;2,21;20;5,65;16;1,82;54;2,24;12;1,24
2021-48;Friuli V.G.;6;78;7.715;10,11;9;9,91;1;0,41;56;19,01;12;8,53
2021-48;Liguria;15;87;18.820;4,62;26;23,11;15;5,05;40;4,07;6;1,23
2021-48;Emilia Romagna;38;354;46.948;7,54;101;33,29;61;8,94;173;6,58;19;1,76
2021-48;Toscana;25;121;42.625;2,84;39;18,85;29;5,34;41;1,86;12;0,92
2021-48;Umbria;11;37;11.428;3,24;16;15,61;14;5,58;6;1;1;0,53
2021-48;Marche;9;51;12.259;4,16;4;7,63;4;2,75;36;5,02;7;2,25
2021-48;Lazio;174;958;230.186;4,16;122;15,11;115;5,4;590;4,06;131;2,36
2021-48;Abruzzo;35;231;41.638;5,55;44;23,35;30;5,63;122;4,85;35;3,77
2021-48;Molise;10;18;10.363;1,74;-;-;1;1,78;14;2,05;3;1,11
2021-48;Campania;nd;nd;nd;nd;nd;nd;nd;nd;nd;nd;nd;nd
2021-48;Puglia;50;297;62.947;4,72;48;13,81;53;6,42;157;4,33;39;2,61
2021-48;Basilicata;10;5;12.597;0,4;1;0,57;4;1,71;-;-;-;-
2021-48;Calabria;nd;nd;nd;nd;nd;nd;nd;nd;nd;nd;nd;nd
2021-48;Sicilia;100;521;120.432;4,33;85;19,21;95;7,82;218;2,93;123;4,17
2021-48;Sardegna;nd;nd;nd;nd;nd;nd;nd;nd;nd;nd;nd;nd
2021-49;Piemonte;45;353;63.691;5,54;58;15,47;46;5,81;204;5,69;45;2,78
2021-49;Val D'Aosta;nd;nd;nd;nd;nd;nd;nd;nd;nd;nd;nd;nd
2021-49;Lombardia;138;937;191.103;4,9;139;12,97;93;3,54;591;5,32;114;2,65
2021-49;P.A. di Bolzano;6;13;8.842;1,47;6;8,9;3;1,83;3;0,62;1;0,58
2021-49;P. A. di Trento;3;7;4.234;1,65;2;6,04;2;2,31;3;1,43;-;-
2021-49;Veneto;34;93;48.068;1,93;7;3,04;10;1,63;65;2,33;11;0,94
2021-49;Friuli V.G.;7;81;9.215;8,79;5;5,51;4;1,61;44;11,04;28;15,26
2021-49;Liguria;16;78;20.877;3,74;20;23,98;9;4,05;40;3,41;9;1,48
2021-49;Emilia Romagna;37;286;46.089;6,21;74;28,87;67;11,74;128;4,86;17;1,48
2021-49;Toscana;25;147;43.373;3,39;40;19,02;31;5,65;61;2,72;15;1,12
2021-49;Umbria;10;50;11.258;4,44;18;17,56;16;6,84;14;2,3;2;1,1
2021-49;Marche;16;58;18.421;3,15;6;4,84;17;4,49;32;3,35;3;0,78
2021-49;Lazio;180;925;236.275;3,91;168;18,35;115;4,8;537;3,65;105;1,88
2021-49;Abruzzo;35;194;44.597;4,35;44;21,99;34;6,64;90;3,31;26;2,53
2021-49;Molise;-;-;-;-;-;-;-;-;-;-;-;-
2021-49;Campania;31;75;38.569;1,94;28;5,5;18;1,89;22;1,21;7;1,21
2021-49;Puglia;80;397;104.302;3,81;96;18,79;70;5,97;185;2,94;46;1,88
2021-49;Basilicata;12;20;15.639;1,28;8;3,54;12;3,51;-;-;-;-
2021-49;Calabria;nd;nd;nd;nd;nd;nd;nd;nd;nd;nd;nd;nd
2021-49;Sicilia;102;530;123.893;4,28;62;14,96;75;6,16;263;3,4;130;4,29
2021-49;Sardegna;11;49;13.662;3,59;24;20,05;15;6,75;10;1,32;-;-
2021-50;Piemonte;47;419;66.405;6,31;64;25,4;48;8,66;240;5,96;67;3,71
2021-50;Val D'Aosta;nd;nd;nd;nd;nd;nd;nd;nd;nd;nd;nd;nd
2021-50;Lombardia;148;1.131;203.046;5,57;157;11,87;138;4,5;719;6,34;117;2,56
2021-50;P.A. di Bolzano;5;18;7.659;2,35;7;20,77;4;4,68;6;1,26;1;0,58
2021-50;P. A. di Trento;6;13;8.501;1,53;4;5,45;1;0,62;8;1,89;-;-
2021-50;Veneto;44;93;60.560;1,54;11;2,66;6;0,59;61;1,85;15;1,14
2021-50;Friuli V.G.;7;17;8.982;1,89;5;5,51;-;-;10;2,67;2;1,09
2021-50;Liguria;15;75;18.797;3,99;23;27,58;11;5;32;3,12;9;1,63
2021-50;Emilia Romagna;37;243;42.121;5,77;62;20,81;39;5,83;125;5,47;17;1,77
2021-50;Toscana;27;178;44.129;4,03;43;18;57;9,24;65;2,87;13;1,01
2021-50;Umbria;9;46;9.784;4,7;17;22,73;10;5,95;17;3,23;2;0,96
2021-50;Marche;13;76;16.431;4,63;12;9,69;3;0,83;54;6,62;7;2,06
2021-50;Lazio;190;1.038;249.861;4,15;177;18,37;145;5,71;594;3,81;122;2,07
2021-50;Abruzzo;26;164;32.387;5,06;25;16,39;22;5,87;89;4,55;28;3,7
2021-50;Molise;11;12;12.164;0,99;-;-;3;5,08;7;0,86;2;0,63
2021-50;Campania;7;29;6.954;4,17;14;10,33;10;3,64;4;1,86;1;1,41
2021-50;Puglia;56;269;73.073;3,68;60;22,93;58;8,73;124;2,72;27;1,49
2021-50;Basilicata;11;10;14.147;0,71;7;3,93;1;0,41;1;0,14;1;0,36
2021-50;Calabria;nd;nd;nd;nd;nd;nd;nd;nd;nd;nd;nd;nd
2021-50;Sicilia;103;608;122.984;4,94;86;23,14;105;9,5;297;3,83;120;3,91
2021-50;Sardegna;10;36;12.096;2,98;15;12,53;18;8,04;3;0,5;-;-
2021-51;Piemonte;47;460;67.104;6,86;74;17,97;59;6,75;280;7,52;47;2,76
2021-51;Val D'Aosta;nd;nd;nd;nd;nd;nd;nd;nd;nd;nd;nd;nd
2021-51;Lombardia;2;1.442;197.529;7,3;202;15,2;198;6,41;871;7,96;171;3,9
2021-51;P.A. di Bolzano;145;14;7.127;1,96;8;11,87;5;3,05;1;0,27;-;-
2021-51;P. A. di Trento;5;10;5.750;1,74;3;9,06;2;2,24;5;1,53;-;-
2021-51;Veneto;4;106;62.196;1,7;13;3,92;9;1,15;74;2,01;10;0,7
2021-51;Friuli V.G.;43;19;6.303;3,01;6;8,22;1;0,66;8;2,99;4;2,89
2021-51;Liguria;5;90;21.768;4,13;20;17,78;6;1,98;51;4,41;13;2,15
2021-51;Emilia Romagna;17;313;36.104;8,67;45;31,82;53;16,62;193;8,79;22;2,3
2021-51;Toscana;30;261;45.929;5,68;37;13,74;52;7,39;132;5,76;40;3,01
2021-51;Umbria;28;43;6.042;7,12;9;13,87;9;5,58;20;7,58;5;4,39
2021-51;Marche;6;91;18.040;5,04;22;15,65;12;3,34;50;5,41;7;1,84
2021-51;Lazio;14;993;256.690;3,87;131;13,18;116;4,43;622;3,89;124;2,05
2021-51;Abruzzo;195;242;40.124;6,03;38;16,87;42;7,63;131;5,56;31;3,52
2021-51;Molise;34;6;10.961;0,55;-;-;1;1,72;5;0,69;-;-
2021-51;Campania;10;58;29.927;1,94;19;5,27;18;2,64;20;1,37;1;0,2
2021-51;Puglia;24;303;93.009;3,26;57;11,86;62;5,77;156;2,84;28;1,24
2021-51;Basilicata;73;23;15.639;1,47;9;3,98;13;3,8;1;0,14;-;-
2021-51;Calabria;nd;nd;nd;nd;nd;nd;nd;nd;nd;nd;nd;nd
2021-51;Sicilia;102;624;122.605;5,09;70;12,99;108;7,81;337;4,53;109;3,75
2021-51;Sardegna;5;27;6.447;4,19;14;15,82;8;3,42;5;2,01;-;-
2021-52;Piemonte;37;463;52.774;8,77;59;30,27;71;15,5;285;8,99;48;3,3
2021-52;Val D'Aosta;nd;nd;nd;nd;nd;nd;nd;nd;nd;nd;nd;nd
2021-52;Lombardia;120;1.615;158.402;10,2;136;12,34;185;7,41;1.097;12,53;197;5,65
2021-52;P.A. di Bolzano;3;6;4.403;1,36;2;5,93;-;-;4;1,54;-;-
2021-52;P. A. di Trento;3;16;4.289;3,73;2;6,04;3;3,55;11;5,01;-;-
2021-52;Veneto;35;111;50.772;2,19;12;4,09;12;1,69;76;2,52;11;1,04
2021-52;Friuli V.G.;6;31;7.964;3,89;2;3,79;-;-;25;6,76;4;2,13
2021-52;Liguria;16;62;20.438;3,03;6;7,19;5;2,26;37;3,22;14;2,37
2021-52;Emilia Romagna;29;233;39.183;5,95;28;17,77;18;4,84;169;7,03;18;1,83
2021-52;Toscana;24;248;39.671;6,25;37;15,49;34;5,53;146;7,51;31;2,65
2021-52;Umbria;6;59;5.765;10,23;14;13,66;18;8,05;20;10,48;7;11,76
2021-52;Marche;10;70;12.323;5,68;11;8,49;7;2,09;48;8,81;4;1,8
2021-52;Lazio;191;957;251.772;3,8;94;9,96;114;4,59;615;3,9;134;2,24
2021-52;Abruzzo;35;247;41.660;5,93;35;18,24;44;8,82;145;5,73;23;2,43
2021-52;Molise;9;2;9.510;0,21;-;-;-;-;2;0,31;-;-
2021-52;Campania;4;27;4.278;6,31;15;18,32;10;5,4;2;1,62;-;-
2021-52;Puglia;67;474;82.816;5,72;68;12,56;96;8,21;263;5,59;47;2,52
2021-52;Basilicata;12;25;15.639;1,6;8;3,54;14;4,09;3;0,42;-;-
2021-52;Calabria;nd;nd;nd;nd;nd;nd;nd;nd;nd;nd;nd;nd
2021-52;Sicilia;86;513;105.152;4,88;45;14,95;70;7,29;310;4,65;88;3,39
2021-52;Sardegna;-;-;-;-;-;-;-;-;-;-;-;-
2022-01;Piemonte;39;507;55.322;9,16;29;7,1;67;7,79;329;11,23;82;6,15
2022-01;Val D'Aosta;nd;nd;nd;nd;nd;nd;nd;nd;nd;nd;nd;nd
2022-01;Lombardia;157;1.701;207.598;8,19;148;8,45;203;5,28;1.176;10,84;174;4,03
2022-01;P.A. di Bolzano;3;8;4.403;1,82;3;8,9;2;2,51;3;1,16;-;-
2022-01;P. A. di Trento;4;9;5.838;1,54;1;3,02;-;-;8;2,46;-;-
2022-01;Veneto;41;74;57.934;1,28;6;1,61;4;0,46;62;1,96;2;0,14
2022-01;Friuli V.G.;5;16;5.921;2,7;-;-;-;-;15;9,33;1;1,03
2022-01;Liguria;25;133;32.055;4,15;7;5,88;19;6,47;92;4,97;15;1,59
2022-01;Emilia Romagna;28;277;32.025;8,65;27;12,17;28;5,51;207;11,89;15;2,05
2022-01;Toscana;33;314;55.243;5,68;22;8,17;30;4,19;211;7,23;51;3,14
2022-01;Umbria;7;36;7.263;4,96;4;6,16;6;3,69;20;5,47;6;4,5
2022-01;Marche;13;85;16.750;5,07;15;11,58;4;1,13;64;7,52;2;0,59
2022-01;Lazio;194;903;255.951;3,53;89;8,95;118;4,51;564;3,54;132;2,18
2022-01;Abruzzo;30;181;35.381;5,12;26;11,71;41;8,03;94;4,64;20;2,57
2022-01;Molise;7;5;7.186;0,7;-;-;-;-;4;0,87;1;0,54
2022-01;Campania;6;72;6.732;10,7;12;17,29;13;6,82;34;10,71;13;13,58
2022-01;Puglia;68;343;87.001;3,94;56;12,09;71;7,08;176;3,39;40;1,95
2022-01;Basilicata;11;28;14.752;1,9;8;5,01;14;4,38;6;0,83;-;-
2022-01;Calabria;nd;nd;nd;nd;nd;nd;nd;nd;nd;nd;nd;nd
2022-01;Sicilia;101;545;118.581;4,6;69;12,81;109;8,11;275;3,84;92;3,27
2022-01;Sardegna;9;11;10.566;1,04;3;1,97;1;0,31;-;-;7;4,39
2022-02;Piemonte;36;567;52.097;10,88;25;12,5;56;11,84;404;12,93;82;5,81
2022-02;Val D'Aosta;nd;nd;nd;nd;nd;nd;nd;nd;nd;nd;nd;nd
2022-02;Lombardia;149;1.619;199.048;8,13;143;9,89;212;6,44;1.073;9,91;191;4,4
2022-02;P.A. di Bolzano;4;18;5.586;3,22;4;5,93;-;-;14;5,28;-;-
2022-02;P. A. di Trento;3;12;4.289;2,8;2;6,04;1;1,18;8;3,65;1;1,09
2022-02;Veneto;42;102;59.397;1,72;3;0,77;4;0,47;82;2,53;13;0,89
2022-02;Friuli V.G.;4;3;5.167;0,58;-;-;1;0,36;2;1,87;-;-
2022-02;Liguria;16;57;20.709;2,75;4;5,43;3;1,32;42;3,54;8;1,37
2022-02;Emilia Romagna;26;205;32.462;6,32;17;15,61;14;5,1;157;7,85;17;1,97
2022-02;Toscana;26;162;42.628;3,8;24;10,05;28;4,52;90;4,24;20;1,56
2022-02;Umbria;7;46;5.930;7,76;11;10,73;15;6,31;16;8,01;4;7,56
2022-02;Marche;13;55;16.097;3,42;8;5,24;4;0,97;42;5,66;1;0,33
2022-02;Lazio;188;789;247.720;3,19;71;7,29;120;4,74;496;3,22;102;1,74
2022-02;Abruzzo;29;187;34.623;5,4;35;15,63;37;7,01;94;4,78;21;2,82
2022-02;Molise;4;-;3.053;-;-;-;-;-;-;-;-;-
2022-02;Campania;18;5;21.725;0,23;-;-;-;-;5;0,5;-;-
2022-02;Puglia;57;237;74.437;3,18;39;11,3;36;4,68;129;2,84;33;1,85
2022-02;Basilicata;12;11;15.639;0,7;4;1,77;3;0,88;4;0,56;-;-
2022-02;Calabria;nd;nd;nd;nd;nd;nd;nd;nd;nd;nd;nd;nd
2022-02;Sicilia;97;471;117.883;4;44;9,37;52;4,42;302;4,18;73;2,51
2022-02;Sardegna;8;12;9.677;1,24;2;2,34;1;0,6;7;1,4;2;0,93
2022-03;Piemonte;40;477;58.798;8,11;35;9,13;52;6,37;322;10,05;68;4,61
2022-03;Val D'Aosta;nd;nd;nd;nd;nd;nd;nd;nd;nd;nd;nd;nd
2022-03;Lombardia;201;1.897;266.809;7,11;173;9,95;242;6,02;1.270;8,57;212;3,47
2022-03;P.A. di Bolzano;5;22;7.659;2,87;5;14,84;4;4,68;12;2,52;1;0,58
2022-03;P. A. di Trento;3;10;4.234;2,36;4;12,08;2;2,31;4;1,9;-;-
2022-03;Veneto;43;91;62.112;1,47;15;5,45;13;1,94;57;1,56;6;0,37
2022-03;Friuli V.G.;6;24;8.441;2,84;6;7,35;11;4,01;4;1,16;3;2,09
2022-03;Liguria;19;180;24.131;7,46;23;20,44;35;11,41;105;8,01;17;2,49
2022-03;Emilia Romagna;32;217;39.933;5,43;32;12,43;31;5,21;136;6,21;18;1,89
2022-03;Toscana;28;162;47.672;3,4;26;10,8;26;4,16;88;3,57;22;1,53
2022-03;Umbria;8;49;8.113;6,04;18;17,56;21;9,08;8;2,11;2;2,04
2022-03;Marche;15;73;17.475;4,18;16;8,7;6;1,22;49;6,42;2;0,65
2022-03;Lazio;190;820;250.416;3,27;77;7,91;123;4,84;500;3,21;120;2,02
2022-03;Abruzzo;30;132;35.417;3,73;17;6,01;36;5,79;66;3,38;13;1,9
2022-03;Molise;10;13;10.330;1,26;-;-;-;-;10;1,49;3;1,06
2022-03;Campania;4;19;5.503;3,45;10;40,49;6;6,7;2;0,59;1;1,04
2022-03;Puglia;63;263;79.408;3,31;59;14,41;57;6,4;120;2,53;27;1,43
2022-03;Basilicata;11;10;14.147;0,71;4;2,24;2;0,82;4;0,56;-;-
2022-03;Calabria;nd;nd;nd;nd;nd;nd;nd;nd;nd;nd;nd;nd
2022-03;Sicilia;72;382;90.784;4,21;21;7,09;41;5,19;244;4,34;76;3,21
2022-03;Sardegna;12;10;14.866;0,67;2;1,31;3;0,88;4;0,56;1;0,36
2022-04;Piemonte;45;586;64.068;9,15;48;14,08;74;10,12;404;10,94;60;3,65
2022-04;Val D'Aosta;nd;nd;nd;nd;nd;nd;nd;nd;nd;nd;nd;nd
2022-04;Lombardia;166;1.287;220.480;5,84;180;10,31;194;4,97;774;6,59;139;2,98
2022-04;P.A. di Bolzano;6;15;8.842;1,7;3;4,45;1;0,61;11;2,29;-;-
2022-04;P. A. di Trento;6;15;8.232;1,82;2;6,04;3;3,26;9;1,81;1;0,5
2022-04;Veneto;37;60;51.703;1,16;12;3,6;18;2,23;28;1;2;0,16
2022-04;Friuli V.G.;6;37;7.113;5,2;7;5,85;12;3,61;17;10,49;1;1,03
2022-04;Liguria;17;54;21.534;2,51;4;5,43;1;0,43;42;3,45;7;1,11
2022-04;Emilia Romagna;31;220;38.166;5,76;50;28;47;10,83;109;4,87;14;1,45
2022-04;Toscana;24;154;39.993;3,85;34;15,41;37;6,81;68;3,33;15;1,26
2022-04;Umbria;9;85;9.362;9,08;25;24,39;23;9,99;33;7,35;4;2,59
2022-04;Marche;16;59;18.404;3,21;17;7,79;9;1,64;32;4,19;1;0,32
2022-04;Lazio;195;713;256.726;2,78;72;7,42;96;3,76;446;2,77;99;1,63
2022-04;Abruzzo;26;86;30.149;2,85;21;11,86;16;3,4;40;2,32;9;1,4
2022-04;Molise;11;16;12.164;1,32;-;-;2;3,38;9;1,1;5;1,59
2022-04;Campania;8;17;7.645;2,22;8;3,94;7;1,75;2;1,62;-;-
2022-04;Puglia;59;322;76.421;4,21;28;7,66;56;6,32;197;4,3;41;2,27
2022-04;Basilicata;11;3;14.147;0,21;1;0,56;2;0,82;-;-;-;-
2022-04;Calabria;nd;nd;nd;nd;nd;nd;nd;nd;nd;nd;nd;nd
2022-04;Sicilia;110;433;132.133;3,28;49;9,5;87;6,62;235;2,88;62;1,93
2022-04;Sardegna;2;-;1.683;-;-;-;-;-;-;-;-;-
2022-05;Piemonte;36;334;51.390;6,5;37;9,87;49;6,36;213;7,7;35;2,85
2022-05;Val D'Aosta;nd;nd;nd;nd;nd;nd;nd;nd;nd;nd;nd;nd
2022-05;Lombardia;170;1.013;228.071;4,44;130;7,68;123;3,28;654;5,26;106;2,15
2022-05;P.A. di Bolzano;5;7;7.659;0,91;4;11,87;-;-;3;0,63;-;-
2022-05;P. A. di Trento;7;21;9.858;2,13;11;30,05;3;2,91;7;1,21;-;-
2022-05;Veneto;30;55;41.181;1,34;8;2,1;9;1,06;35;1,76;3;0,33
2022-05;Friuli V.G.;5;26;6.114;4,25;3;3,68;11;4,06;10;6,18;2;2,06
2022-05;Liguria;15;64;18.915;3,38;7;8,39;19;8,74;34;3,27;4;0,73
2022-05;Emilia Romagna;31;159;38.840;4,09;17;8,87;28;6,06;95;4,21;19;1,95
2022-05;Toscana;24;98;39.191;2,5;28;10,4;26;3,72;37;1,95;7;0,66
2022-05;Umbria;7;73;7.014;10,41;26;25,37;25;11,23;14;5,38;8;6,88
2022-05;Marche;14;46;17.102;2,69;14;7,62;6;1,29;24;3,2;2;0,64
2022-05;Lazio;182;535;239.746;2,23;57;6,02;79;3,21;331;2,23;68;1,19
2022-05;Abruzzo;35;142;41.976;3,38;29;10,25;37;5,71;68;2,85;8;0,91
2022-05;Molise;11;8;12.164;0,66;-;-;-;-;6;0,74;2;0,63
2022-05;Campania;23;26;28.769;0,9;8;2,19;11;1,56;7;0,51;-;-
2022-05;Puglia;58;211;73.035;2,89;44;12,25;57;6,67;91;2,09;19;1,1
2022-05;Basilicata;11;7;14.147;0,49;1;0,56;-;-;6;0,84;-;-
2022-05;Calabria;nd;nd;nd;nd;nd;nd;nd;nd;nd;nd;nd;nd
2022-05;Sicilia;103;366;123.869;2,95;48;9,88;82;6,31;192;2,51;44;1,49
2022-05;Sardegna;11;6;13.587;0,44;1;0,66;-;-;1;0,16;4;1,7
2022-06;Piemonte;41;300;58.129;5,16;37;8,9;39;4,67;199;6,29;25;1,79
2022-06;Val D'Aosta;nd;nd;nd;nd;nd;nd;nd;nd;nd;nd;nd;nd
2022-06;Lombardia;159;769;213.697;3,6;129;7,84;118;3,27;428;3,74;94;2,01
2022-06;P.A. di Bolzano;5;8;7.659;1,04;4;11,87;-;-;4;0,84;-;-
2022-06;P. A. di Trento;10;21;14.519;1,45;6;16,39;2;1,81;12;1,3;1;0,26
2022-06;Veneto;31;52;43.700;1,19;5;1,4;2;0,25;39;1,74;6;0,61
2022-06;Friuli V.G.;5;10;6.166;1,62;3;2,74;7;2,04;-;-;-;-
2022-06;Liguria;18;55;23.109;2,38;4;8,99;4;2,65;33;2,33;14;2
2022-06;Emilia Romagna;30;135;36.742;3,67;18;9,31;16;3,45;90;4,26;11;1,21
2022-06;Toscana;30;110;51.220;2,15;25;10,46;15;2,4;58;2,15;12;0,77
2022-06;Umbria;9;63;9.089;6,93;24;19,18;20;7,92;17;4,37;2;1,4
2022-06;Marche;12;35;15.392;2,27;8;6,53;4;1,12;20;2,67;3;0,97
2022-06;Lazio;192;525;253.698;2,07;56;5,81;84;3,29;313;1,97;72;1,2
2022-06;Abruzzo;30;112;35.596;3,15;24;9,6;25;4,16;48;2,43;15;2,04
2022-06;Molise;11;7;12.164;0,58;-;-;2;3,38;3;0,37;2;0,63
2022-06;Campania;4;3;4.793;0,63;1;2,27;1;0,83;1;0,41;-;-
2022-06;Puglia;51;267;64.734;4,12;57;13,81;67;7,67;115;3,1;28;1,89
2022-06;Basilicata;11;8;14.147;0,57;5;2,8;3;1,23;-;-;-;-
2022-06;Calabria;nd;nd;nd;nd;nd;nd;nd;nd;nd;nd;nd;nd
2022-06;Sicilia;75;326;91.152;3,58;37;12,39;66;7,96;172;3,01;51;2,24
2022-06;Sardegna;11;6;13.703;0,44;2;1,67;1;0,43;2;0,27;1;0,37
2022-07;Piemonte;51;336;73.734;4,56;59;13,13;56;5,78;193;4,71;28;1,5
2022-07;Val D'Aosta;nd;nd;nd;nd;nd;nd;nd;nd;nd;nd;nd;nd
2022-07;Lombardia;166;771;224.228;3,44;160;11,03;125;3,72;396;3,15;90;1,79
2022-07;P.A. di Bolzano;5;21;7.659;2,74;8;23,74;3;3,51;10;2,1;-;-
2022-07;P. A. di Trento;13;22;17.568;1,25;4;5,45;4;2,17;14;1,32;-;-
2022-07;Veneto;29;43;39.161;1,1;17;4;12;1,18;14;0,82;-;-
2022-07;Friuli V.G.;4;7;5.467;1,28;4;8,58;2;1,06;1;0,47;-;-
2022-07;Liguria;18;75;23.163;3,24;15;13,33;9;2,99;38;3;13;2,04
2022-07;Emilia Romagna;33;104;40.551;2,56;20;9,91;15;2,94;58;2,45;11;1,13
2022-07;Toscana;30;112;51.374;2,18;29;10,77;18;2,54;45;1,71;20;1,31
2022-07;Umbria;7;44;6.538;6,73;18;17,56;17;7,5;8;3,13;1;1,45
2022-07;Marche;16;36;18.805;1,91;3;1,63;7;1,47;21;2,42;5;1,42
2022-07;Lazio;193;473;253.257;1,87;59;5,93;62;2,38;289;1,83;63;1,06
2022-07;Abruzzo;32;79;38.192;2,07;18;7,12;25;4,15;32;1,49;4;0,49
2022-07;Molise;7;1;6.328;0,16;-;-;-;-;-;-;1;0,63
2022-07;Campania;31;51;41.107;1,24;10;2,74;11;1,53;23;0,98;7;1,03
2022-07;Puglia;64;282;80.994;3,48;67;15,4;58;6,07;121;2,53;36;1,87
2022-07;Basilicata;11;15;14.147;1,06;5;2,8;3;1,23;4;0,56;3;1,09
2022-07;Calabria;nd;nd;nd;nd;nd;nd;nd;nd;nd;nd;nd;nd
2022-07;Sicilia;108;397;132.006;3,01;60;11,11;80;6,13;211;2,59;46;1,44
2022-07;Sardegna;12;8;14.866;0,54;3;1,97;2;0,59;3;0,42;-;-
2022-08;Piemonte;36;255;49.658;5,14;48;12,23;41;5,11;140;5,35;26;2,26
2022-08;Val D'Aosta;nd;nd;nd;nd;nd;nd;nd;nd;nd;nd;nd;nd
2022-08;Lombardia;170;758;223.614;3,39;175;10,89;120;3,22;379;3,11;84;1,73
2022-08;P.A. di Bolzano;5;14;7.659;1,83;4;11,87;3;3,51;7;1,47;-;-
2022-08;P. A. di Trento;7;15;10.082;1,49;2;6,04;2;2,09;10;1,61;1;0,39
2022-08;Veneto;24;18;33.824;0,53;5;2,39;2;0,44;8;0,43;3;0,34
2022-08;Friuli V.G.;6;30;7.908;3,79;8;9,8;3;1,1;15;5,07;4;2,84
2022-08;Liguria;19;68;25.030;2,72;13;11,56;15;4,92;30;2,18;10;1,41
2022-08;Emilia Romagna;28;110;30.872;3,56;35;18,92;30;6,79;37;2,15;8;1,08
2022-08;Toscana;24;112;38.824;2,88;33;12,26;22;3,16;49;2,63;8;0,76
2022-08;Umbria;6;37;6.397;5,78;18;17,56;18;8,1;1;0,47;-;-
2022-08;Marche;13;26;16.191;1,61;4;2,51;2;0,5;17;2,26;3;0,97
2022-08;Lazio;177;472;232.625;2,03;64;7;68;2,84;266;1,84;74;1,34
2022-08;Abruzzo;28;101;33.793;2,99;21;8,31;33;5,66;34;1,84;13;1,86
2022-08;Molise;11;12;12.164;0,99;-;-;-;-;12;1,47;-;-
2022-08;Campania;10;42;12.511;3,36;7;6,32;21;8,81;10;1,44;4;1,92
2022-08;Puglia;50;194;63.354;3,06;52;15,22;60;7,7;63;1,67;19;1,31
2022-08;Basilicata;12;37;15.639;2,37;6;2,65;20;5,85;8;1,11;3;1,09
2022-08;Calabria;nd;nd;nd;nd;nd;nd;nd;nd;nd;nd;nd;nd
2022-08;Sicilia;102;344;124.572;2,76;45;9,94;75;6,03;183;2,37;41;1,36
2022-08;Sardegna;2;6;2.226;2,7;4;7,38;2;1,19;-;-;-;-
2022-09;Piemonte;43;303;61.289;4,94;65;15,92;60;6,78;148;4,38;30;2,06
2022-09;Val D'Aosta;nd;nd;nd;nd;nd;nd;nd;nd;nd;nd;nd;nd
2022-09;Lombardia;177;741;239.710;3,09;154;11,05;104;3,1;414;3,01;69;1,26
2022-09;P.A. di Bolzano;5;25;7.659;3,26;1;2,97;1;1,17;21;4,42;2;1,17
2022-09;P. A. di Trento;13;42;18.452;2,28;6;8,61;5;2,59;29;2,61;2;0,42
2022-09;Veneto;33;49;45.184;1,08;9;2,41;5;0,6;30;1,29;5;0,51
2022-09;Friuli V.G.;4;8;5.242;1,53;-;-;-;-;7;2,61;1;0,72
2022-09;Liguria;20;84;25.636;3,28;15;13,33;17;5,55;47;3,34;5;0,68
2022-09;Emilia Romagna;34;148;41.754;3,54;49;22,39;17;3,06;68;2,86;14;1,36
2022-09;Toscana;30;118;50.807;2,32;32;13,39;29;4,65;49;1,81;8;0,53
2022-09;Umbria;6;38;5.925;6,41;17;16,59;17;7,5;4;2,16;-;-
2022-09;Marche;16;64;19.457;3,29;12;5,47;11;2,05;41;4,84;-;-
2022-09;Lazio;192;570;253.691;2,25;74;7,63;88;3,45;352;2,22;56;0,93
2022-09;Abruzzo;34;162;40.135;4,04;39;15,43;42;7,03;60;2,61;21;2,42
2022-09;Molise;10;5;10.330;0,48;-;-;-;-;5;0,75;-;-
2022-09;Campania;7;-;8.250;-;-;-;-;-;-;-;-;-
2022-09;Puglia;56;267;68.708;3,89;66;10,92;77;5,96;102;2,84;22;1,59
2022-09;Basilicata;11;4;14.147;0,28;1;0,56;3;1,23;-;-;-;-
2022-09;Calabria;nd;nd;nd;nd;nd;nd;nd;nd;nd;nd;nd;nd
2022-09;Sicilia;94;380;113.111;3,36;71;15,91;96;7,99;167;2,42;46;1,66
2022-09;Sardegna;11;13;14.506;0,9;7;5,77;5;1,75;1;0,13;-;-
2022-10;Piemonte;43;394;61.608;6,4;69;21,18;68;9,44;222;6,25;35;2,24
2022-10;Val D'Aosta;nd;nd;nd;nd;nd;nd;nd;nd;nd;nd;nd;nd
2022-10;Lombardia;161;1.099;215.675;5,1;200;12,58;187;5,13;611;5,23;101;2,17
2022-10;P.A. di Bolzano;5;16;7.659;2,09;4;11,87;5;5,85;7;1,47;-;-
2022-10;P. A. di Trento;12;36;17.554;2,05;1;3,02;1;0,89;31;2,75;3;0,62
2022-10;Veneto;19;39;26.407;1,48;5;2,65;5;1,06;25;1,81;4;0,67
2022-10;Friuli V.G.;4;7;4.966;1,41;1;1,18;2;0,81;4;3,73;-;-
2022-10;Liguria;17;97;21.628;4,48;3;6,74;9;5,94;76;5,9;9;1,33
2022-10;Emilia Romagna;28;173;35.593;4,86;45;27,08;13;3,58;104;4,9;11;1,21
2022-10;Toscana;24;125;41.073;3,04;34;16,48;20;3,76;60;2,83;11;0,88
2022-10;Umbria;5;51;4.218;12,09;19;18,54;24;10,9;8;11,3;-;-
2022-10;Marche;15;107;18.381;5,82;10;5,46;22;4,72;70;8,26;5;1,46
2022-10;Lazio;155;477;202.534;2,36;60;7,02;64;2,86;302;2,43;51;1,07
2022-10;Abruzzo;30;160;35.198;4,55;48;18,99;53;9;53;2,69;6;0,85
2022-10;Molise;11;17;12.164;1,4;-;-;-;-;14;1,72;3;0,95
2022-10;Campania;19;21;25.200;0,83;7;3,13;3;0,61;10;0,73;1;0,23
2022-10;Puglia;50;238;60.044;3,96;62;13,11;61;5,91;94;2,92;21;1,65
2022-10;Basilicata;11;13;14.147;0,92;4;2,24;5;2,06;3;0,42;1;0,36
2022-10;Calabria;nd;nd;nd;nd;nd;nd;nd;nd;nd;nd;nd;nd
2022-10;Sicilia;100;468;121.867;3,84;64;14,94;115;9,57;220;2,92;69;2,28
2022-10;Sardegna;2;11;2.226;4,94;8;14,76;3;1,79;-;-;-;-
2022-11;Piemonte;46;562;65.793;8,54;112;27,42;133;14,90;287;7,88;30;1,83
2022-11;Val D'Aosta;nd;nd;nd;nd;nd;nd;nd;nd;nd;nd;nd;nd
2022-11;Lombardia;195;1.600;259.728;6,16;275;15,95;287;7,22;907;6,28;131;2,25
2022-11;P.A. di Bolzano;5;36;7.659;4,70;8;23,74;3;3,51;22;4,63;3;1,75
2022-11;P. A. di Trento;12;40;16.916;2,36;2;6,04;4;3,59;30;2,76;4;0,87
2022-11;Veneto;26;50;35.063;1,43;5;1,74;18;2,62;24;1,38;3;0,38
2022-11;Friuli V.G.;6;43;8.822;4,87;3;6,44;8;4,11;24;5,29;8;4,28
2022-11;Liguria;18;123;22.863;5,38;6;13,48;15;9,89;92;6,76;10;1,37
2022-11;Emilia Romagna;35;263;38.814;6,78;63;21,94;63;9,38;121;5,85;16;1,87
2022-11;Toscana;31;205;52.225;3,93;54;20,06;43;6,04;88;3,29;20;1,28
2022-11;Umbria;5;66;4.888;13,50;30;27,27;31;14,37;3;2,63;2;4,10
2022-11;Marche;13;146;15.705;9,30;28;14,37;33;7,21;76;11,80;9;3,29
2022-11;Lazio;191;742;252.723;2,94;86;9,18;91;3,64;478;3,02;87;1,45
2022-11;Abruzzo;30;194;34.826;5,57;47;18,36;66;10,79;69;3,62;12;1,69
2022-11;Molise;9;12;9.510;1,26;-;-;-;-;12;1,86;-;-
2022-11;Campania;8;25;9.723;2,57;12;10,35;10;4,05;1;0,21;2;1,60
2022-11;Puglia;76;428;98.778;4,33;76;14,86;91;7,53;218;3,67;43;1,94
2022-11;Basilicata;11;7;14.147;0,49;2;1,12;-;-;3;0,42;2;0,72
2022-11;Calabria;nd;nd;nd;nd;nd;nd;nd;nd;nd;nd;nd;nd
2022-11;Sicilia;83;484;97.068;4,99;71;15,61;103;8,47;253;4,45;57;2,43
2022-11;Sardegna;13;34;17.305;1,96;15;12,33;10;3,39;9;0,93;-;-
2022-12;Piemonte;45;536;66.364;8,08;77;22,49;140;18,16;273;7,16;46;2,69
2022-12;Val D'Aosta;nd;nd;nd;nd;nd;nd;nd;nd;nd;nd;nd;nd
2022-12;Lombardia;165;1.565;221.049;7,08;304;19,42;296;8,35;794;6,51;171;3,57
2022-12;P.A. di Bolzano;5;18;7.659;2,35;4;11,87;5;5,85;7;1,47;2;1,17
2022-12;P. A. di Trento;14;61;19.197;3,18;13;11,82;9;3,42;32;2,99;7;1,47
2022-12;Veneto;17;43;22.531;1,91;12;4,08;8;1,33;22;2,38;1;0,23
2022-12;Friuli V.G.;6;48;7.634;6,29;14;19,55;14;4,92;17;6,32;3;2,17
2022-12;Liguria;20;100;25.897;3,86;13;15,59;27;11,89;52;3,45;8;1,04
2022-12;Emilia Romagna;31;340;38.565;8,82;78;34,17;75;12,98;165;7,58;22;2,52
2022-12;Toscana;32;250;52.988;4,72;52;19,32;62;8,70;109;4,00;27;1,70
2022-12;Umbria;6;39;5.925;6,58;20;19,51;16;7,06;3;1,62;-;-
2022-12;Marche;13;161;15.700;10,25;43;23,31;47;10,06;62;9,62;9;3,29
2022-12;Lazio;192;737;253.058;2,91;77;7,74;94;3,61;487;3,09;79;1,33
2022-12;Abruzzo;31;201;36.645;5,49;47;21,65;48;8,62;87;4,14;19;2,41
2022-12;Molise;9;15;10.268;1,46;-;-;2;3,84;13;1,87;-;-
2022-12;Campania;30;91;37.230;2,44;22;4,57;34;3,73;26;1,48;9;1,57
2022-12;Puglia;55;323;69.089;4,68;68;17,85;76;9,58;149;3,62;30;1,86
2022-12;Basilicata;11;9;14.147;0,64;2;1,12;2;0,82;3;0,42;2;0,72
2022-12;Calabria;nd;nd;nd;nd;nd;nd;nd;nd;nd;nd;nd;nd
2022-12;Sicilia;79;478;93.929;5,09;78;20,05;105;10,08;240;4,21;55;2,43
2022-12;Sardegna;10;35;12.707;2,75;15;12,37;9;3,25;11;1,72;-;-
2022-13;Piemonte;39;470;55.568;8,46;89;24,00;119;14,96;229;7,54;33;2,44
2022-13;Val D'Aosta;nd;nd;nd;nd;nd;nd;nd;nd;nd;nd;nd;nd
2022-13;Lombardia;167;1.727;229.689;7,52;327;20,95;341;9,23;902;7,10;157;3,14
2022-13;P.A. di Bolzano;5;23;7.659;3,00;8;23,74;4;4,68;11;2,31;-;-
2022-13;P. A. di Trento;12;43;16.539;2,60;4;12,08;7;6,28;30;2,84;2;0,44
2022-13;Veneto;20;46;27.656;1,66;5;2,37;12;2,70;26;1,78;3;0,46
2022-13;Friuli V.G.;5;35;6.134;5,71;12;16,76;14;4,95;8;4,94;1;1,03
2022-13;Liguria;19;160;23.711;6,75;25;22,22;31;10,22;85;6,69;19;2,77
2022-13;Emilia Romagna;32;318;37.803;8,41;78;27,92;61;9,91;155;7,62;24;2,82
2022-13;Toscana;28;252;47.634;5,29;69;25,63;70;9,93;92;3,86;21;1,50
2022-13;Umbria;5;56;4.190;13,37;28;27,32;20;9,12;5;7,49;3;9,84
2022-13;Marche;20;288;22.981;12,53;74;24,84;92;12,44;101;11,11;21;5,97
2022-13;Lazio;191;786;250.995;3,13;79;7,95;105;4,03;511;3,28;91;1,54
2022-13;Abruzzo;30;216;35.496;6,09;73;24,93;90;13,43;46;2,41;7;1,04
2022-13;Molise;-;-;-;-;-;-;-;-;-;-;-;-
2022-13;Campania;4;59;4.537;13,00;23;23,59;36;18,38;-;-;-;-
2022-13;Puglia;66;493;84.319;5,85;65;12,81;90;8,68;275;5,56;63;3,24
2022-13;Basilicata;12;37;15.639;2,37;10;4,42;13;3,80;13;1,81;1;0,36
2022-13;Calabria;nd;nd;nd;nd;nd;nd;nd;nd;nd;nd;nd;nd
2022-13;Sicilia;88;570;106.458;5,35;103;21,86;144;11,92;256;3,98;67;2,64
2022-13;Sardegna;10;38;12.142;3,13;18;15,04;13;5,91;7;1,09;-;-
2022-14;Piemonte;42;405;59.120;6,85;80;19,59;105;11,97;188;5,85;32;2,27
2022-14;Val D'Aosta;nd;nd;nd;nd;nd;nd;nd;nd;nd;nd;nd;nd
2022-14;Lombardia;168;1.366;222.924;6,13;244;14,29;266;6,86;712;5,96;144;3,02
2022-14;P.A. di Bolzano;5;15;7.659;1,96;7;20,77;3;3,51;5;1,05;-;-
2022-14;P. A. di Trento;13;100;17.651;5,67;24;32,70;36;19,75;37;3,50;3;0,66
2022-14;Veneto;22;55;30.528;1,80;4;2,12;7;1,47;37;2,25;7;0,94
2022-14;Friuli V.G.;6;54;7.928;6,81;16;22,35;21;7,37;15;5,07;2;1,42
2022-14;Liguria;15;102;19.184;5,32;13;29,21;13;8,74;63;5,52;13;2,23
2022-14;Emilia Romagna;27;226;34.612;6,53;60;34,15;27;7,15;120;5,86;19;2,21
2022-14;Toscana;29;229;49.141;4,66;56;26,34;46;8,30;104;3,97;23;1,51
2022-14;Umbria;4;30;4.352;6,89;13;14,87;15;7,92;2;1,97;-;-
2022-14;Marche;10;117;12.587;9,30;25;19,14;41;11,39;43;7,90;8;3,57
2022-14;Lazio;190;631;249.894;2,53;80;8,05;66;2,54;407;2,62;78;1,33
2022-14;Abruzzo;26;160;30.637;5,22;43;22,25;55;11,80;54;3,08;8;1,23
2022-14;Molise;10;16;12.045;1,33;-;-;-;-;15;1,85;1;0,32
2022-14;Campania;9;41;9.974;4,11;14;7,28;19;5,13;8;2,29;-;-
2022-14;Puglia;59;355;74.464;4,77;50;12,88;61;6,75;200;4,47;44;2,61
2022-14;Basilicata;11;34;14.147;2,40;1;0,56;20;8,22;9;1,26;4;1,45
2022-14;Calabria;nd;nd;nd;nd;nd;nd;nd;nd;nd;nd;nd;nd
2022-14;Sicilia;75;476;93.800;5,07;94;21,59;117;10,69;212;3,76;53;2,39
2022-14;Sardegna;11;35;14.061;2,49;9;10,11;14;8,03;12;1,43;-;-
2022-15;Piemonte;42;370;61.238;6,04;28;10,72;47;7,99;249;6,79;46;2,86
2022-15;Val D'Aosta;nd;nd;nd;nd;nd;nd;nd;nd;nd;nd;nd;nd
2022-15;Lombardia;172;1.377;229.124;6,01;275;17,63;250;6,84;717;5,68;135;2,66
2022-15;P.A. di Bolzano;4;10;6.462;1,55;-;-;-;-;9;1,93;1;0,58
2022-15;P. A. di Trento;13;44;18.402;2,39;4;12,08;3;2,67;36;3,04;1;0,20
2022-15;Veneto;21;59;28.154;2,10;17;5,57;29;4,14;11;0,87;2;0,36
2022-15;Friuli V.G.;5;30;6.134;4,89;8;11,17;10;3,53;10;6,18;2;2,06
2022-15;Liguria;15;74;19.208;3,85;10;11,99;18;8,12;39;3,61;7;1,30
2022-15;Emilia Romagna;34;233;43.899;5,31;59;26,81;40;7,56;118;4,66;16;1,44
2022-15;Toscana;27;153;47.126;3,25;53;21,82;37;5,88;44;1,82;19;1,34
2022-15;Umbria;4;45;3.716;12,11;15;17,16;22;11,74;5;7,54;3;9,84
2022-15;Marche;11;77;13.927;5,53;22;17,93;20;5,58;29;4,46;6;2,30
2022-15;Lazio;193;588;253.264;2,32;75;7,54;72;2,76;350;2,22;91;1,53
2022-15;Abruzzo;27;155;31.462;4,93;43;17,02;45;7,75;55;3,24;12;1,95
2022-15;Molise;8;15;8.608;1,74;-;-;1;1,84;11;1,93;3;1,42
2022-15;Campania;24;78;31.354;2,49;9;2,98;8;1,28;40;2,43;21;3,74
2022-15;Puglia;54;253;67.874;3,73;55;12,61;56;5,69;112;2,88;30;2,03
2022-15;Basilicata;11;22;14.147;1,56;4;2,24;4;1,64;8;1,12;6;2,17
2022-15;Calabria;nd;nd;nd;nd;nd;nd;nd;nd;nd;nd;nd;nd
2022-15;Sicilia;84;448;103.429;4,33;87;20,46;121;10,90;184;2,93;56;2,21
2022-15;Sardegna;1;4;1.445;2,77;3;9,20;1;0,89;-;-;-;-